epoch,steps,cosine_pearson,cosine_spearman,euclidean_pearson,euclidean_spearman,manhattan_pearson,manhattan_spearman,dot_pearson,dot_spearman
0,5,0.5454256851447485,0.5527000717909473,0.46769909802418075,0.46220442116871113,0.45797370183750796,0.45543839121564667,0.49677295157806456,0.5032234777591639
0,10,0.5421753456532925,0.5472026724540824,0.5123110175436996,0.5176012914094259,0.500400121581573,0.5095666308401617,0.47588564739197603,0.48419401851617033
0,-1,0.5421753456532925,0.5472026724540824,0.5123110175436996,0.5176012914094259,0.500400121581573,0.5095666308401617,0.47588564739197603,0.48419401851617033
1,5,0.5706802440318919,0.5789184378590719,0.5222628112080148,0.5273274594669558,0.5078836753351063,0.5146411533049602,0.5186201004061459,0.5374765043965525
1,10,0.5932986961028562,0.5987936508461985,0.5353965110752295,0.5501628105585481,0.5219585868567413,0.5328248588038207,0.5438390560412355,0.5649635010808765
1,-1,0.5932986961028562,0.5987936508461985,0.5353965110752295,0.5501628105585481,0.5219585868567413,0.5328248588038207,0.5438390560412355,0.5649635010808765
